{"stats":{"minecraft:crafted":{"minecraft:oak_planks":76,"minecraft:furnace":1,"minecraft:blast_furnace":1,"born_in_chaos_v1:dark_metal_ingot":2,"minecraft:cooked_mutton":5,"graveyard:bone_dagger":1,"minecraft:iron_boots":3,"minecraft:iron_axe":2,"minecraft:stone_pickaxe":7,"minecraft:chest":3,"minecraft:oak_button":1,"born_in_chaos_v1:pileof_dark_metal":1,"minecraft:wheat":9,"minecraft:cooked_beef":2,"minecraft:cooked_porkchop":26,"minecraft:crafting_table":3,"minecraft:baked_potato":4,"minecraft:iron_helmet":2,"minecraft:iron_sword":4,"minecraft:birch_planks":44,"minecraft:bread":10,"minecraft:iron_chestplate":2,"minecraft:diamond_pickaxe":2,"minecraft:shield":3,"minecraft:stick":164,"born_in_chaos_v1:smoked_flesh":2,"minecraft:iron_ingot":109,"minecraft:iron_pickaxe":4,"minecraft:gold_ingot":5,"minecraft:iron_leggings":3,"minecraft:torch":256},"minecraft:killed_by":{"born_in_chaos_v1:corpse_fly":1,"man:managgresive":2},"minecraft:killed":{"minecraft:vex":1,"minecraft:cave_spider":4,"born_in_chaos_v1:missioner":1,"born_in_chaos_v1:restless_spirit":1,"born_in_chaos_v1:door_knight_not_despawn":1,"minecraft:spider":18,"born_in_chaos_v1:skeleton_thrasher_not_despawn":1,"born_in_chaos_v1:siamese_skeletonsright":2,"born_in_chaos_v1:baby_skeleton_minion":3,"born_in_chaos_v1:maggot":22,"minecraft:skeleton":10,"born_in_chaos_v1:skeleton_thrasher":1,"born_in_chaos_v1:supreme_bonescaller_stage_2":1,"born_in_chaos_v1:barrel_zombie":2,"minecraft:pig":13,"born_in_chaos_v1:bone_imp_minion":9,"born_in_chaos_v1:diamond_termite":3,"minecraft:zombie_villager":1,"born_in_chaos_v1:baby_skeleton":2,"minecraft:creeper":2,"born_in_chaos_v1:decrepit_skeleton":3,"minecraft:sheep":4,"born_in_chaos_v1:bloody_gadfly":1,"minecraft:zombie":40,"born_in_chaos_v1:corpse_fly":6,"born_in_chaos_v1:bonescaller_not_despawn":1,"minecraft:stray":2,"born_in_chaos_v1:siamese_skeletonsleft":1,"minecraft:cow":3},"minecraft:picked_up":{"born_in_chaos_v1:diamond_termite_shard":2,"born_in_chaos_v1:charmof_stealth":1,"minecraft:iron_chestplate":5,"minecraft:wheat":19,"minecraft:brown_mushroom":2,"born_in_chaos_v1:charmof_resistance":1,"born_in_chaos_v1:bloody_gadfly_eye":2,"minecraft:brewing_stand":1,"minecraft:shield":3,"minecraft:iron_axe":7,"minecraft:string":57,"minecraft:raw_copper":153,"minecraft:iron_leggings":2,"minecraft:sea_pickle":2,"minecraft:cobbled_deepslate":16,"minecraft:smooth_stone":6,"minecraft:bucket":2,"minecraft:beef":2,"minecraft:poppy":4,"minecraft:iron_boots":4,"minecraft:furnace":2,"minecraft:egg":3,"minecraft:raw_iron":136,"minecraft:stick":60,"born_in_chaos_v1:shattered_skull":3,"minecraft:torch":160,"born_in_chaos_v1:pileof_dark_metal":1,"minecraft:porkchop":42,"minecraft:diorite":11,"born_in_chaos_v1:pieceofdarkmetal":25,"minecraft:carrot":60,"minecraft:arrow":40,"minecraft:stone_sword":5,"minecraft:rotten_flesh":85,"minecraft:gold_ingot":6,"minecraft:mutton":5,"minecraft:white_wool":3,"minecraft:cobblestone":1229,"born_in_chaos_v1:fused_bone":3,"minecraft:birch_log":11,"born_in_chaos_v1:corpse_maggot":32,"born_in_chaos_v1:staffof_magic_arrows":1,"minecraft:andesite":1,"minecraft:leather":25,"minecraft:potato":2,"minecraft:birch_planks":24,"minecraft:oak_log":63,"minecraft:gunpowder":14,"minecraft:lapis_lazuli":72,"minecraft:dirt":54,"minecraft:lantern":4,"minecraft:bone":37,"minecraft:apple":1,"minecraft:stonecutter":1,"minecraft:wheat_seeds":32,"born_in_chaos_v1:smoked_flesh":7,"minecraft:raw_gold":5,"minecraft:iron_ingot":9,"minecraft:stone_pickaxe":11,"minecraft:cobweb":5,"minecraft:polished_andesite_slab":3,"minecraft:oak_planks":115,"minecraft:iron_sword":6,"minecraft:book":6,"minecraft:cooked_porkchop":26,"graveyard:bone_dagger":2,"born_in_chaos_v1:ethereal_spirit":5,"minecraft:dandelion":3,"minecraft:poisonous_potato":1,"minecraft:gravel":15,"minecraft:spider_eye":9,"born_in_chaos_v1:fire_dust":4,"minecraft:diamond":5,"minecraft:iron_helmet":4,"minecraft:granite":5,"minecraft:bone_meal":1,"minecraft:gray_wool":2,"minecraft:emerald":8,"minecraft:bread":30,"minecraft:oak_button":1,"born_in_chaos_v1:rotten_fish":6,"minecraft:oak_sapling":3,"minecraft:coal":378,"minecraft:andesite_slab":6},"minecraft:custom":{"minecraft:interact_with_smithing_table":1,"minecraft:mob_kills":161,"minecraft:open_barrel":5,"minecraft:interact_with_crafting_table":46,"minecraft:damage_dealt_resisted":2812,"minecraft:leave_game":1,"minecraft:time_since_death":11690,"minecraft:sprint_one_cm":1313678,"minecraft:walk_one_cm":639108,"minecraft:damage_blocked_by_shield":360,"minecraft:drop":66,"minecraft:talked_to_villager":4,"minecraft:play_time":331678,"minecraft:deaths":4,"minecraft:sneak_time":10104,"minecraft:walk_under_water_one_cm":19573,"minecraft:jump":6823,"minecraft:interact_with_brewingstand":3,"minecraft:interact_with_blast_furnace":17,"minecraft:walk_on_water_one_cm":64356,"minecraft:total_world_time":331678,"minecraft:interact_with_furnace":25,"minecraft:interact_with_stonecutter":1,"minecraft:sleep_in_bed":5,"minecraft:time_since_rest":11777,"minecraft:damage_taken":6756,"minecraft:damage_dealt":26702,"minecraft:swim_one_cm":102665,"minecraft:fly_one_cm":1182483,"minecraft:open_chest":203,"minecraft:crouch_one_cm":18813,"minecraft:interact_with_smoker":20,"minecraft:fall_one_cm":184548,"minecraft:horse_one_cm":33424},"minecraft:broken":{"minecraft:stone_pickaxe":2,"minecraft:iron_helmet":1},"minecraft:used":{"minecraft:stone_sword":51,"minecraft:chest":3,"minecraft:shield":10,"minecraft:iron_sword":479,"minecraft:cooked_chicken":4,"minecraft:rotten_flesh":3,"minecraft:iron_chestplate":1,"minecraft:torch":207,"minecraft:dirt":1,"minecraft:carrot":14,"minecraft:granite":1,"minecraft:iron_hoe":7,"born_in_chaos_v1:corpse_maggot":4,"born_in_chaos_v1:smoked_flesh":1,"minecraft:iron_axe":164,"minecraft:lantern":2,"minecraft:iron_helmet":1,"minecraft:furnace":2,"minecraft:oak_sapling":1,"minecraft:cooked_beef":17,"minecraft:cobbled_deepslate":2,"minecraft:wheat_seeds":33,"minecraft:cooked_mutton":5,"minecraft:stone_pickaxe":597,"minecraft:baked_potato":4,"minecraft:oak_planks":44,"graveyard:bone_dagger":53,"minecraft:crafting_table":3,"minecraft:blast_furnace":1,"minecraft:oak_log":5,"minecraft:apple":1,"minecraft:bread":35,"minecraft:iron_pickaxe":382,"minecraft:cobblestone":567,"minecraft:cooked_porkchop":34,"minecraft:gray_wool":2},"minecraft:mined":{"minecraft:tuff":1,"minecraft:brewing_stand":1,"born_in_chaos_v1:infected_diamond_ore":2,"minecraft:glow_lichen":1,"minecraft:granite":2,"born_in_chaos_v1:dark_metal_deposit":5,"minecraft:grass_block":8,"born_in_chaos_v1:fel_soil":3,"minecraft:polished_andesite_slab":5,"minecraft:carrots":16,"minecraft:iron_ore":72,"minecraft:cobbled_deepslate":1,"minecraft:andesite":1,"minecraft:chiseled_deepslate":1,"minecraft:deepslate_lapis_ore":11,"minecraft:bookshelf":2,"minecraft:deepslate_iron_ore":7,"minecraft:lantern":1,"minecraft:stone":419,"minecraft:brown_mushroom":1,"minecraft:torch":5,"minecraft:poppy":2,"minecraft:andesite_slab":5,"minecraft:sculk_sensor":2,"minecraft:copper_ore":15,"minecraft:tall_grass":14,"minecraft:cobblestone":229,"minecraft:deepslate_gold_ore":5,"minecraft:lapis_ore":1,"minecraft:oak_planks":20,"minecraft:diorite":5,"minecraft:gray_wool":1,"minecraft:birch_log":10,"minecraft:wheat":9,"minecraft:grass":33,"minecraft:coal_ore":142,"minecraft:oak_log":59,"minecraft:gravel":7,"minecraft:dirt":4,"minecraft:stonecutter":1,"minecraft:oak_leaves":22,"minecraft:deepslate":10},"minecraft:dropped":{"minecraft:bread":6,"minecraft:iron_sword":5,"minecraft:wheat_seeds":2,"minecraft:diamond":5,"minecraft:poisonous_potato":1,"minecraft:iron_helmet":1,"minecraft:granite":2,"minecraft:copper_ingot":3,"born_in_chaos_v1:pieceofdarkmetal":2,"minecraft:stick":51,"minecraft:dirt":6,"minecraft:torch":64,"minecraft:iron_leggings":1,"minecraft:iron_axe":4,"minecraft:iron_pickaxe":1,"minecraft:birch_log":1,"minecraft:dandelion":2,"minecraft:andesite_slab":1,"born_in_chaos_v1:ethereal_spirit":3,"minecraft:rotten_flesh":19,"born_in_chaos_v1:smoked_flesh":4,"minecraft:oak_planks":6,"minecraft:iron_boots":2,"minecraft:poppy":2,"born_in_chaos_v1:charmof_stealth":1,"minecraft:shield":3,"minecraft:sea_pickle":1,"minecraft:oak_button":1,"minecraft:gunpowder":4,"minecraft:iron_chestplate":1,"minecraft:andesite":1,"born_in_chaos_v1:corpse_maggot":14,"minecraft:spider_eye":2,"born_in_chaos_v1:charmof_resistance":1,"minecraft:egg":2}},"DataVersion":3465}