{"stats":{"minecraft:crafted":{"minecraft:smooth_stone":3,"minecraft:oak_planks":12,"minecraft:fishing_rod":1,"minecraft:furnace":3,"minecraft:blast_furnace":1,"minecraft:stone":3,"minecraft:bone_meal":15,"minecraft:iron_boots":1,"minecraft:bow":1,"minecraft:iron_axe":1,"minecraft:stone_pickaxe":2,"minecraft:dark_oak_planks":8,"minecraft:crafting_table":3,"minecraft:spruce_planks":24,"minecraft:iron_sword":1,"minecraft:pumpkin_seeds":52,"minecraft:blue_bed":1,"minecraft:cooked_salmon":1,"minecraft:bucket":1,"minecraft:birch_planks":24,"minecraft:air":0,"minecraft:blue_dye":3,"minecraft:wooden_hoe":1,"minecraft:charcoal":5,"minecraft:diamond_pickaxe":2,"minecraft:shield":2,"minecraft:stick":32,"born_in_chaos_v1:smoked_flesh":25,"minecraft:iron_ingot":6,"minecraft:iron_pickaxe":1,"minecraft:blue_wool":3,"minecraft:torch":52,"minecraft:shears":1},"minecraft:killed_by":{"born_in_chaos_v1:nightmare_stalker":1,"minecraft:creeper":5,"born_in_chaos_v1:sir_pumpkinhead_without_horse":1,"minecraft:skeleton":2,"born_in_chaos_v1:pumpkinhead":2,"minecraft:zombie":2,"minecraft:vex":1},"minecraft:killed":{"minecraft:cave_spider":3,"born_in_chaos_v1:mr_pumpkin":10,"born_in_chaos_v1:restless_spirit":2,"minecraft:spider":12,"born_in_chaos_v1:zombie_bruiser":1,"born_in_chaos_v1:maggot":21,"born_in_chaos_v1:pumpkinhead":2,"minecraft:skeleton":8,"born_in_chaos_v1:skeleton_thrasher":1,"minecraft:drowned":9,"born_in_chaos_v1:corpse_fish":11,"born_in_chaos_v1:barrel_zombie":3,"born_in_chaos_v1:spiritof_chaos":1,"born_in_chaos_v1:diamond_termite":1,"born_in_chaos_v1:baby_skeleton":2,"born_in_chaos_v1:swarmer":1,"minecraft:salmon":2,"born_in_chaos_v1:decrepit_skeleton":4,"minecraft:sheep":1,"born_in_chaos_v1:bloody_gadfly":1,"minecraft:zombie":19,"minecraft:stray":5,"born_in_chaos_v1:corpse_fly":11,"minecraft:cow":1},"minecraft:custom":{"minecraft:interact_with_anvil":3,"minecraft:mob_kills":133,"minecraft:interact_with_crafting_table":34,"minecraft:open_barrel":30,"minecraft:damage_dealt_resisted":4144,"minecraft:leave_game":1,"minecraft:time_since_death":10606,"minecraft:walk_one_cm":766162,"minecraft:sprint_one_cm":715846,"minecraft:damage_blocked_by_shield":2030,"minecraft:drop":38,"minecraft:play_noteblock":14,"minecraft:talked_to_villager":7,"minecraft:play_time":286510,"minecraft:deaths":16,"minecraft:sneak_time":13484,"minecraft:walk_under_water_one_cm":48080,"minecraft:jump":5021,"minecraft:interact_with_brewingstand":1,"minecraft:interact_with_blast_furnace":8,"minecraft:walk_on_water_one_cm":56756,"minecraft:total_world_time":286510,"minecraft:interact_with_furnace":26,"minecraft:tune_noteblock":10,"minecraft:interact_with_grindstone":1,"minecraft:sleep_in_bed":7,"minecraft:time_since_rest":10635,"minecraft:damage_taken":9173,"minecraft:damage_dealt":26305,"minecraft:swim_one_cm":122825,"minecraft:fly_one_cm":912253,"minecraft:open_chest":125,"minecraft:crouch_one_cm":22568,"minecraft:interact_with_smoker":16,"minecraft:fall_one_cm":188003},"minecraft:picked_up":{"minecraft:iron_chestplate":3,"minecraft:crafting_table":4,"minecraft:wheat":32,"born_in_chaos_v1:seedof_chaos":1,"minecraft:brown_mushroom":1,"minecraft:enchanted_book":1,"minecraft:brewing_stand":1,"minecraft:chain":1,"minecraft:red_bed":4,"minecraft:shield":3,"minecraft:cornflower":3,"born_in_chaos_v1:holiday_candy":29,"born_in_chaos_v1:black_argillite":8,"minecraft:raw_copper":8,"minecraft:string":70,"minecraft:iron_axe":14,"minecraft:iron_leggings":7,"minecraft:beetroot":2,"graveyard:corruption":2,"minecraft:activator_rail":4,"minecraft:cobbled_deepslate":1110,"graveyard:gravestone":1,"minecraft:spruce_planks":54,"minecraft:beef":3,"minecraft:iron_pickaxe":2,"minecraft:tipped_arrow":2,"minecraft:chest":4,"minecraft:iron_boots":6,"minecraft:egg":14,"minecraft:furnace":1,"minecraft:stone":25,"minecraft:stick":2,"minecraft:raw_iron":19,"born_in_chaos_v1:shattered_skull":1,"minecraft:copper_ingot":3,"minecraft:torch":37,"born_in_chaos_v1:fel_soil":36,"minecraft:cookie":126,"born_in_chaos_v1:pieceofdarkmetal":9,"minecraft:diorite":6,"minecraft:carrot":171,"minecraft:redstone":6,"minecraft:rotten_flesh":91,"minecraft:tube_coral":1,"minecraft:arrow":30,"minecraft:tropical_fish":1,"minecraft:beetroot_seeds":6,"minecraft:obsidian":32,"minecraft:glow_berries":15,"minecraft:mutton":1,"graveyard:cobblestone_gravestone":2,"minecraft:rail":11,"minecraft:skeleton_skull":4,"minecraft:white_wool":1,"minecraft:cobblestone":792,"minecraft:birch_log":6,"minecraft:enchanting_table":1,"born_in_chaos_v1:corpse_maggot":27,"minecraft:leather_chestplate":1,"minecraft:mossy_cobblestone_slab":5,"born_in_chaos_v1:pumpkin_staff":7,"minecraft:glow_ink_sac":1,"minecraft:andesite":10,"minecraft:salmon":3,"minecraft:potato":48,"minecraft:tuff":36,"minecraft:oak_log":128,"minecraft:yellow_bed":1,"minecraft:gunpowder":10,"minecraft:lantern":4,"minecraft:wooden_hoe":1,"minecraft:dirt":148,"born_in_chaos_v1:marigolds":1,"minecraft:bone":76,"born_in_chaos_v1:soul_cutlass":4,"minecraft:apple":248,"minecraft:bow":3,"minecraft:wheat_seeds":108,"minecraft:raw_gold":10,"born_in_chaos_v1:smoked_flesh":12,"minecraft:iron_ingot":34,"minecraft:stone_pickaxe":3,"minecraft:cobweb":57,"born_in_chaos_v1:fel_lamp":2,"minecraft:powered_rail":1,"minecraft:iron_sword":8,"minecraft:oak_planks":13,"minecraft:book":10,"minecraft:pumpkin":55,"born_in_chaos_v1:ethereal_spirit":2,"minecraft:poisonous_potato":3,"graveyard:mossy_cobblestone_gravestone":2,"minecraft:mossy_stone_brick_slab":3,"minecraft:spruce_log":6,"minecraft:dark_oak_log":4,"minecraft:spider_eye":4,"graveyard:oak_coffin":6,"minecraft:oak_wood":2,"minecraft:white_candle":6,"minecraft:pumpkin_seeds":77,"minecraft:diamond":285,"minecraft:iron_helmet":3,"minecraft:granite":1,"minecraft:bone_meal":6,"minecraft:bread":103,"minecraft:damaged_anvil":2,"minecraft:oak_sapling":22,"born_in_chaos_v1:rotten_fish":6,"minecraft:melon_seeds":3,"minecraft:coal":104,"minecraft:diamond_pickaxe":4},"minecraft:broken":{"minecraft:iron_chestplate":1,"minecraft:iron_leggings":1,"minecraft:leather_chestplate":1,"minecraft:stone_pickaxe":1,"minecraft:iron_pickaxe":1},"minecraft:used":{"minecraft:beetroot":2,"minecraft:stone_sword":6,"minecraft:tropical_fish":1,"minecraft:chest":1,"minecraft:shield":91,"born_in_chaos_v1:black_argillite":2,"minecraft:iron_sword":302,"minecraft:cooked_salmon":1,"minecraft:rotten_flesh":2,"graveyard:oak_coffin":1,"minecraft:iron_chestplate":2,"minecraft:torch":21,"minecraft:dirt":39,"minecraft:carrot":80,"born_in_chaos_v1:soul_cutlass":308,"minecraft:tuff":36,"minecraft:granite":1,"graveyard:cobblestone_gravestone":1,"born_in_chaos_v1:corpse_maggot":24,"born_in_chaos_v1:smoked_flesh":32,"minecraft:iron_axe":110,"minecraft:mossy_cobblestone_slab":2,"minecraft:iron_boots":1,"graveyard:mossy_cobblestone_gravestone":2,"minecraft:bow":4,"minecraft:oak_sapling":11,"minecraft:furnace":3,"minecraft:egg":2,"minecraft:cobbled_deepslate":92,"minecraft:pumpkin":1,"minecraft:iron_leggings":2,"minecraft:wheat_seeds":68,"minecraft:water_bucket":9,"minecraft:diorite":5,"minecraft:damaged_anvil":1,"minecraft:stone_pickaxe":80,"minecraft:oak_planks":3,"minecraft:blue_bed":1,"minecraft:salmon":2,"minecraft:red_bed":4,"minecraft:glow_berries":16,"minecraft:rail":1,"minecraft:blast_furnace":1,"minecraft:crafting_table":6,"minecraft:pumpkin_seeds":2,"minecraft:wooden_hoe":19,"minecraft:diamond_pickaxe":746,"minecraft:apple":5,"minecraft:bread":48,"minecraft:iron_pickaxe":478,"born_in_chaos_v1:marigolds":1,"minecraft:stone_axe":5,"minecraft:fishing_rod":4,"minecraft:potion":2,"minecraft:cobblestone":15,"minecraft:andesite":8,"minecraft:bucket":10,"minecraft:chain":1,"minecraft:bone_meal":5,"minecraft:cobweb":2},"minecraft:mined":{"minecraft:diamond_ore":4,"minecraft:tuff":45,"minecraft:mossy_stone_brick_slab":1,"minecraft:deepslate_diamond_ore":119,"minecraft:sculk_vein":4,"minecraft:brewing_stand":1,"minecraft:dark_oak_log":2,"born_in_chaos_v1:infected_diamond_ore":1,"minecraft:obsidian":32,"minecraft:granite":1,"born_in_chaos_v1:dark_metal_deposit":4,"minecraft:grass_block":10,"born_in_chaos_v1:black_argillite":2,"born_in_chaos_v1:fel_soil":36,"minecraft:spawner":3,"minecraft:dead_horn_coral_wall_fan":1,"minecraft:large_fern":2,"minecraft:mossy_cobblestone_slab":2,"minecraft:sculk_catalyst":4,"minecraft:furnace":1,"minecraft:carrots":31,"minecraft:iron_ore":3,"minecraft:cobbled_deepslate":14,"minecraft:andesite":9,"minecraft:pumpkin":49,"minecraft:enchanting_table":1,"minecraft:lantern":4,"graveyard:cobblestone_gravestone":2,"minecraft:potatoes":9,"minecraft:deepslate_iron_ore":15,"minecraft:stone":312,"born_in_chaos_v1:marigolds":1,"minecraft:red_bed":4,"minecraft:crafting_table":4,"minecraft:cornflower":3,"minecraft:torch":13,"born_in_chaos_v1:black_argillite_brick_n":1,"minecraft:oak_wood":2,"minecraft:chest":3,"minecraft:white_candle":2,"minecraft:sculk_sensor":6,"minecraft:tall_grass":4,"minecraft:cobblestone":2,"minecraft:deepslate_coal_ore":3,"minecraft:dead_tube_coral_fan":1,"minecraft:deepslate_gold_ore":5,"minecraft:damaged_anvil":2,"minecraft:oak_planks":9,"minecraft:sculk":98,"graveyard:gravestone":1,"minecraft:diorite":8,"minecraft:wall_torch":5,"minecraft:skeleton_skull":3,"graveyard:mossy_cobblestone_gravestone":2,"graveyard:oak_coffin":6,"minecraft:birch_log":7,"minecraft:wheat":39,"minecraft:bee_nest":1,"minecraft:yellow_bed":1,"minecraft:grass":40,"minecraft:oak_log":10,"minecraft:coal_ore":95,"minecraft:beetroots":2,"minecraft:gravel":4,"minecraft:dirt":24,"minecraft:cobweb":13,"born_in_chaos_v1:infernal_evil_pumpkin_s":3,"minecraft:oak_leaves":13,"minecraft:deepslate":503},"minecraft:dropped":{"minecraft:iron_sword":2,"minecraft:brown_mushroom":2,"minecraft:oak_log":59,"minecraft:poisonous_potato":2,"minecraft:glow_berries":15,"born_in_chaos_v1:pieceofdarkmetal":1,"graveyard:corruption":2,"minecraft:cobweb":12,"minecraft:dirt":52,"born_in_chaos_v1:pumpkin_staff":2,"born_in_chaos_v1:black_argillite":2,"minecraft:mossy_cobblestone_slab":3,"minecraft:diorite":1,"minecraft:torch":12,"minecraft:iron_axe":1,"minecraft:iron_pickaxe":1,"minecraft:string":14,"minecraft:cobbled_deepslate":6,"minecraft:rotten_flesh":40,"minecraft:mossy_stone_brick_slab":1,"minecraft:pumpkin_seeds":8,"minecraft:carrot":40,"minecraft:leather_chestplate":1,"minecraft:andesite":2,"minecraft:yellow_bed":1}},"DataVersion":3465}