{"stats":{"minecraft:crafted":{"minecraft:smooth_stone":6,"minecraft:oak_planks":2788,"minecraft:cooked_chicken":18,"minecraft:stone":6,"minecraft:bookshelf":21,"minecraft:suspicious_stew":6,"born_in_chaos_v1:dark_metal_ingot":1,"minecraft:cooked_mutton":32,"minecraft:diamond_helmet":1,"minecraft:iron_boots":3,"born_in_chaos_v1:fel_lamp":1,"minecraft:chest":3,"minecraft:stone_hoe":1,"born_in_chaos_v1:pileof_dark_metal":1,"minecraft:smoker":1,"minecraft:emerald":149,"born_in_chaos_v1:smoked_fish":11,"minecraft:cooked_porkchop":64,"minecraft:crafting_table":14,"minecraft:spruce_planks":4,"minecraft:wooden_pickaxe":1,"minecraft:iron_helmet":2,"minecraft:fletching_table":1,"minecraft:pumpkin_seeds":184,"minecraft:apple":68,"minecraft:iron_chestplate":2,"minecraft:diamond_pickaxe":1,"minecraft:charcoal":12,"minecraft:shield":2,"minecraft:stick":4616,"born_in_chaos_v1:smoked_flesh":32,"minecraft:iron_ingot":77,"minecraft:iron_pickaxe":2,"minecraft:cookie":90,"minecraft:furnace":5,"born_in_chaos_v1:smoked_monster_flesh":4,"minecraft:oak_trapdoor":2,"minecraft:diamond":1,"minecraft:iron_axe":19,"minecraft:stone_pickaxe":2,"minecraft:wheat":270,"minecraft:cooked_beef":39,"minecraft:iron_sword":1,"minecraft:cooked_salmon":12,"minecraft:bucket":3,"minecraft:stone_axe":7,"minecraft:bread":283,"minecraft:air":0,"minecraft:golden_apple":2,"minecraft:wooden_axe":1,"minecraft:iron_leggings":3,"minecraft:white_bed":1,"minecraft:acacia_planks":16,"minecraft:torch":164,"minecraft:diamond_chestplate":1},"minecraft:killed_by":{"born_in_chaos_v1:nightmare_stalker":8,"minecraft:creeper":2,"born_in_chaos_v1:zombie_bruiser":1,"born_in_chaos_v1:corpse_fly":1,"man:managgresive":1,"born_in_chaos_v1:supreme_bonescaller_not_despawn":1,"born_in_chaos_v1:pumpkinhead":2,"minecraft:zombie":2,"minecraft:vex":2,"minecraft:spider":2},"minecraft:killed":{"born_in_chaos_v1:zombie_clown":1,"minecraft:cave_spider":13,"born_in_chaos_v1:mr_pumpkin":54,"minecraft:witch":1,"born_in_chaos_v1:zombie_lumberjack":4,"born_in_chaos_v1:restless_spirit":3,"born_in_chaos_v1:skeleton_demoman":1,"born_in_chaos_v1:sir_the_headless":2,"born_in_chaos_v1:pumpkin_spirit":1,"minecraft:spider":32,"born_in_chaos_v1:siamese_skeletonsright":1,"born_in_chaos_v1:baby_skeleton_minion":16,"minecraft:skeleton":21,"minecraft:chicken":25,"born_in_chaos_v1:supreme_bonescaller_stage_2":2,"born_in_chaos_v1:firelight_not_despawn":1,"born_in_chaos_v1:bonescaller":4,"minecraft:pig":43,"minecraft:zombie_villager":2,"born_in_chaos_v1:diamond_termite":10,"minecraft:salmon":31,"minecraft:iron_golem":1,"minecraft:creeper":2,"minecraft:sheep":25,"born_in_chaos_v1:zombie_fisherman":2,"minecraft:zombie":51,"born_in_chaos_v1:dread_hound":5,"born_in_chaos_v1:corpse_fly":28,"minecraft:stray":14,"born_in_chaos_v1:door_knight":3,"born_in_chaos_v1:siamese_skeletonsleft":2,"minecraft:cow":22,"graveyard:nightmare":3,"born_in_chaos_v1:skeleton_thrasher_not_despawn":1,"born_in_chaos_v1:thornshell_crab":2,"born_in_chaos_v1:zombie_bruiser":1,"born_in_chaos_v1:maggot":31,"born_in_chaos_v1:pumpkinhead":3,"born_in_chaos_v1:corpse_fish":7,"born_in_chaos_v1:mr_pumpkin_controlled":1,"born_in_chaos_v1:fallen_chaos_knight":1,"born_in_chaos_v1:felsteed":5,"graveyard:ghoul":2,"born_in_chaos_v1:bone_imp_minion":30,"born_in_chaos_v1:baby_skeleton":3,"born_in_chaos_v1:swarmer":1,"born_in_chaos_v1:decrepit_skeleton":6,"born_in_chaos_v1:bloody_gadfly":5,"born_in_chaos_v1:bonescaller_not_despawn":3,"born_in_chaos_v1:nightmare_stalker":1,"minecraft:enderman":1},"minecraft:custom":{"minecraft:interact_with_crafting_table":73,"minecraft:open_barrel":30,"minecraft:bell_ring":16,"minecraft:leave_game":4,"minecraft:time_since_death":22850,"minecraft:sprint_one_cm":1574009,"minecraft:damage_blocked_by_shield":3840,"minecraft:drop":167,"minecraft:play_noteblock":1,"minecraft:talked_to_villager":57,"minecraft:play_time":658401,"minecraft:deaths":24,"minecraft:jump":14833,"minecraft:interact_with_brewingstand":1,"minecraft:walk_on_water_one_cm":123573,"minecraft:interact_with_furnace":93,"minecraft:traded_with_villager":220,"minecraft:sleep_in_bed":15,"minecraft:damage_dealt":84059,"minecraft:crouch_one_cm":21854,"minecraft:interact_with_smoker":55,"minecraft:horse_one_cm":2470759,"minecraft:interact_with_anvil":3,"minecraft:mob_kills":549,"minecraft:damage_dealt_resisted":8093,"minecraft:climb_one_cm":1104,"minecraft:walk_one_cm":1249791,"minecraft:sneak_time":13678,"minecraft:walk_under_water_one_cm":93774,"minecraft:interact_with_blast_furnace":2,"minecraft:total_world_time":658401,"minecraft:time_since_rest":22876,"minecraft:damage_taken":28435,"minecraft:damage_absorbed":160,"minecraft:swim_one_cm":223121,"minecraft:fly_one_cm":2598665,"minecraft:open_chest":298,"minecraft:fall_one_cm":503286},"minecraft:picked_up":{"minecraft:wooden_axe":1,"born_in_chaos_v1:charmof_stealth":1,"minecraft:iron_chestplate":8,"minecraft:wheat":36,"minecraft:flower_pot":1,"born_in_chaos_v1:bloody_gadfly_eye":2,"born_in_chaos_v1:holiday_candy":88,"born_in_chaos_v1:black_argillite":6,"minecraft:string":119,"minecraft:raw_copper":16,"minecraft:cooked_salmon":34,"minecraft:iron_leggings":14,"minecraft:cobbled_deepslate":162,"minecraft:bucket":4,"minecraft:wooden_shovel":2,"minecraft:iron_pickaxe":13,"born_in_chaos_v1:stimulating_decoction":2,"minecraft:iron_boots":8,"minecraft:mangrove_log":1,"minecraft:furnace":2,"minecraft:tipped_arrow":10,"minecraft:stick":269,"born_in_chaos_v1:shattered_skull":6,"minecraft:composter":1,"minecraft:torch":186,"minecraft:acacia_log":6,"minecraft:porkchop":84,"born_in_chaos_v1:fel_soil":25,"minecraft:diorite":19,"born_in_chaos_v1:nightmare_claw":1,"minecraft:stone_sword":4,"minecraft:rotten_flesh":102,"minecraft:iron_block":4,"minecraft:cod":4,"minecraft:cobblestone":687,"minecraft:birch_log":8,"minecraft:enchanting_table":2,"born_in_chaos_v1:staffof_magic_arrows":5,"minecraft:mossy_cobblestone_slab":5,"minecraft:feather":15,"minecraft:cooked_beef":8,"born_in_chaos_v1:spiritual_dust":24,"minecraft:water_bucket":3,"minecraft:andesite":2,"minecraft:brown_wool":1,"minecraft:smoker":1,"minecraft:flint":2,"minecraft:tuff":71,"minecraft:dirt":125,"minecraft:lapis_lazuli":48,"minecraft:lantern":3,"minecraft:name_tag":4,"born_in_chaos_v1:monster_skin":9,"minecraft:bone":171,"minecraft:chipped_anvil":4,"minecraft:acacia_planks":11,"minecraft:bow":2,"minecraft:wheat_seeds":101,"minecraft:raw_gold":38,"minecraft:diamond_helmet":2,"minecraft:glowstone_dust":1,"minecraft:stone_hoe":5,"minecraft:oak_planks":132,"minecraft:cooked_porkchop":9,"man:tearoftheman":2,"graveyard:oak_coffin":10,"minecraft:white_candle":6,"born_in_chaos_v1:fire_dust":1,"minecraft:diamond":149,"minecraft:granite":16,"minecraft:bone_meal":34,"minecraft:golden_apple":6,"minecraft:bread":197,"born_in_chaos_v1:rotten_fish":14,"minecraft:oak_sapling":68,"minecraft:diamond_pickaxe":5,"minecraft:andesite_slab":4,"minecraft:crimson_roots":2,"born_in_chaos_v1:diamond_termite_shard":17,"minecraft:charcoal":13,"minecraft:crafting_table":9,"minecraft:chicken":25,"born_in_chaos_v1:river_mint":1,"born_in_chaos_v1:seedof_chaos":9,"born_in_chaos_v1:charmof_resistance":1,"minecraft:wooden_pickaxe":1,"minecraft:chain":4,"minecraft:shield":15,"minecraft:red_bed":1,"minecraft:iron_axe":23,"born_in_chaos_v1:intoxicating_decoction":1,"graveyard:corruption":10,"minecraft:candle":3,"graveyard:gravestone":1,"minecraft:beef":48,"born_in_chaos_v1:gnawed_bones":2,"minecraft:poppy":7,"minecraft:sugar_cane":4,"minecraft:chest":1,"minecraft:birch_sapling":4,"minecraft:phantom_membrane":2,"minecraft:egg":22,"minecraft:raw_iron":127,"minecraft:stone":25,"minecraft:bowl":9,"minecraft:cookie":204,"born_in_chaos_v1:pieceofdarkmetal":14,"minecraft:carrot":96,"minecraft:tnt":1,"minecraft:diamond_chestplate":2,"minecraft:tube_coral":1,"minecraft:arrow":60,"minecraft:shears":2,"minecraft:hay_block":33,"born_in_chaos_v1:spiny_shell":10,"minecraft:saddle":3,"minecraft:gold_ingot":42,"graveyard:cobblestone_gravestone":1,"minecraft:mutton":29,"minecraft:bone_block":6,"minecraft:skeleton_skull":6,"minecraft:white_wool":22,"born_in_chaos_v1:fused_bone":5,"born_in_chaos_v1:corpse_maggot":67,"born_in_chaos_v1:monster_flesh":9,"born_in_chaos_v1:pumpkin_staff":14,"minecraft:salmon":22,"minecraft:leather":37,"minecraft:birch_planks":64,"minecraft:oak_log":1125,"minecraft:yellow_bed":4,"minecraft:gunpowder":30,"minecraft:cooked_mutton":20,"born_in_chaos_v1:soul_cutlass":10,"minecraft:apple":276,"minecraft:kelp":4,"minecraft:spruce_wood":10,"minecraft:iron_ingot":73,"minecraft:stone_pickaxe":4,"minecraft:cooked_chicken":1,"minecraft:cobweb":35,"minecraft:glass_bottle":3,"born_in_chaos_v1:fel_lamp":3,"minecraft:polished_andesite_slab":4,"minecraft:iron_sword":12,"minecraft:book":325,"minecraft:dark_oak_slab":2,"minecraft:milk_bucket":3,"born_in_chaos_v1:death_totem":1,"minecraft:pumpkin":75,"minecraft:stone_brick_slab":2,"born_in_chaos_v1:orbofthe_summoner":3,"born_in_chaos_v1:ethereal_spirit":7,"minecraft:dandelion":5,"minecraft:gravel":7,"minecraft:amethyst_shard":7,"minecraft:spruce_sapling":6,"minecraft:white_bed":6,"minecraft:spruce_log":13,"minecraft:spider_eye":12,"minecraft:pumpkin_seeds":422,"minecraft:slime_ball":2,"minecraft:stone_axe":13,"minecraft:iron_helmet":10,"minecraft:gray_wool":1,"born_in_chaos_v1:spiny_shell_armor_chestplate":1,"minecraft:damaged_anvil":1,"minecraft:black_wool":1,"minecraft:coal":214},"minecraft:broken":{"minecraft:iron_boots":1,"minecraft:iron_chestplate":1,"minecraft:iron_leggings":2,"minecraft:stone_axe":2,"minecraft:iron_sword":1,"minecraft:iron_axe":3,"minecraft:iron_pickaxe":2,"minecraft:iron_helmet":1},"minecraft:used":{"born_in_chaos_v1:intoxicating_decoction":1,"minecraft:chest":4,"minecraft:shield":92,"minecraft:iron_sword":504,"minecraft:rotten_flesh":3,"minecraft:iron_chestplate":1,"minecraft:carrot":45,"born_in_chaos_v1:soul_cutlass":358,"minecraft:tuff":22,"minecraft:milk_bucket":2,"born_in_chaos_v1:corpse_maggot":28,"born_in_chaos_v1:smoked_flesh":43,"minecraft:mangrove_log":1,"minecraft:iron_helmet":4,"minecraft:hay_block":3,"born_in_chaos_v1:fel_lamp":19,"minecraft:furnace":5,"minecraft:oak_sapling":19,"minecraft:skeleton_skull":1,"minecraft:egg":1,"minecraft:diorite":17,"minecraft:stone_pickaxe":160,"minecraft:oak_planks":235,"minecraft:wooden_pickaxe":8,"minecraft:composter":1,"minecraft:cookie":8,"minecraft:golden_apple":4,"born_in_chaos_v1:holiday_candy":10,"minecraft:bread":148,"graveyard:gravestone":1,"born_in_chaos_v1:smoked_monster_flesh":4,"minecraft:gravel":1,"minecraft:diamond_sword":57,"born_in_chaos_v1:rotten_fish":3,"minecraft:andesite":2,"minecraft:oak_trapdoor":2,"minecraft:enchanting_table":1,"minecraft:stone_sword":25,"born_in_chaos_v1:ethereal_spirit":2,"minecraft:cooked_salmon":34,"minecraft:stone_hoe":69,"minecraft:cooked_chicken":14,"graveyard:oak_coffin":4,"minecraft:torch":198,"minecraft:dirt":58,"minecraft:diamond_helmet":1,"minecraft:granite":13,"minecraft:wooden_axe":18,"minecraft:bookshelf":18,"minecraft:iron_axe":1452,"minecraft:iron_boots":6,"minecraft:golden_carrot":2,"minecraft:cooked_beef":24,"minecraft:acacia_planks":16,"minecraft:cobbled_deepslate":77,"minecraft:iron_leggings":6,"minecraft:cooked_mutton":10,"minecraft:water_bucket":11,"minecraft:birch_planks":34,"minecraft:andesite_slab":2,"minecraft:fletching_table":1,"born_in_chaos_v1:stimulating_decoction":1,"minecraft:crafting_table":17,"minecraft:red_bed":1,"minecraft:white_bed":7,"minecraft:smoker":2,"minecraft:oak_log":34,"minecraft:diamond_pickaxe":34,"minecraft:apple":38,"minecraft:suspicious_stew":4,"minecraft:iron_pickaxe":600,"minecraft:spruce_sapling":3,"minecraft:stone_axe":370,"minecraft:cobblestone":216,"minecraft:potion":1,"minecraft:cooked_porkchop":51,"minecraft:bucket":12,"minecraft:yellow_bed":2},"minecraft:mined":{"minecraft:white_bed":5,"minecraft:oak_sapling":3,"minecraft:potted_crimson_roots":1,"minecraft:sculk_vein":7,"minecraft:granite":19,"born_in_chaos_v1:dark_metal_deposit":5,"minecraft:grass_block":38,"minecraft:composter":1,"born_in_chaos_v1:fel_soil_destructible":1,"minecraft:spawner":6,"minecraft:mossy_cobblestone_slab":4,"minecraft:iron_ore":56,"minecraft:cobbled_deepslate":19,"minecraft:pumpkin":22,"minecraft:deepslate_lapis_ore":7,"minecraft:enchanting_table":1,"minecraft:sculk_shrieker":2,"minecraft:spruce_wood":7,"born_in_chaos_v1:black_argillite_n":1,"minecraft:iron_block":4,"minecraft:red_bed":1,"minecraft:smoker":1,"born_in_chaos_v1:infected_deepslate_diamond_ore":6,"minecraft:poppy":1,"minecraft:cobblestone":49,"minecraft:oak_planks":56,"minecraft:wall_torch":3,"minecraft:skeleton_skull":1,"minecraft:chain":3,"graveyard:oak_coffin":5,"minecraft:birch_log":7,"minecraft:wheat":9,"minecraft:grass":229,"minecraft:oak_log":737,"minecraft:dirt":10,"born_in_chaos_v1:infernal_evil_pumpkin_s":2,"minecraft:oak_leaves":122,"minecraft:deepslate":58,"minecraft:tuff":37,"minecraft:mossy_cobblestone":1,"minecraft:deepslate_diamond_ore":1,"minecraft:candle":1,"born_in_chaos_v1:black_argillite":2,"born_in_chaos_v1:fel_soil":26,"minecraft:polished_andesite_slab":2,"minecraft:spruce_leaves":36,"minecraft:hay_block":33,"minecraft:furnace":1,"minecraft:andesite":1,"minecraft:bookshelf":102,"minecraft:deepslate_iron_ore":65,"minecraft:stone":190,"minecraft:stone_brick_slab":2,"minecraft:dandelion":3,"minecraft:crafting_table":1,"born_in_chaos_v1:black_argillite_brick_n":2,"minecraft:andesite_slab":3,"minecraft:sculk_sensor":9,"minecraft:tall_grass":52,"minecraft:deepslate_gold_ore":15,"minecraft:sculk":27,"minecraft:diorite":15,"minecraft:spruce_log":6,"minecraft:yellow_bed":2,"minecraft:coal_ore":148,"minecraft:gravel":15,"minecraft:cobweb":13,"minecraft:acacia_planks":11,"minecraft:chipped_anvil":1},"minecraft:dropped":{"minecraft:iron_sword":1,"minecraft:oak_log":35,"minecraft:glass_bottle":2,"minecraft:diamond":65,"minecraft:cooked_porkchop":6,"minecraft:lantern":1,"minecraft:leather":1,"born_in_chaos_v1:pieceofdarkmetal":6,"born_in_chaos_v1:pileof_dark_metal":1,"born_in_chaos_v1:monster_flesh":6,"minecraft:dirt":3,"born_in_chaos_v1:monster_skin":1,"minecraft:mutton":1,"minecraft:crimson_roots":1,"minecraft:chain":2,"minecraft:iron_pickaxe":6,"minecraft:white_wool":1,"minecraft:bone":1,"minecraft:gravel":1,"minecraft:stone_axe":11,"minecraft:sugar_cane":4,"minecraft:andesite_slab":1,"minecraft:rotten_flesh":14,"minecraft:oak_planks":132,"minecraft:poppy":1,"minecraft:charcoal":10,"born_in_chaos_v1:corpse_maggot":16,"born_in_chaos_v1:diamond_termite_shard":2,"minecraft:arrow":3,"minecraft:egg":2,"minecraft:iron_ingot":2,"minecraft:bread":61,"minecraft:wheat_seeds":21,"minecraft:iron_helmet":1,"minecraft:cobblestone":71,"minecraft:book":7,"minecraft:apple":94,"minecraft:granite":2,"born_in_chaos_v1:soul_cutlass":4,"minecraft:acacia_log":2,"minecraft:stick":2,"born_in_chaos_v1:pumpkin_staff":3,"minecraft:mossy_cobblestone_slab":2,"born_in_chaos_v1:river_mint":1,"minecraft:diorite":3,"minecraft:torch":50,"minecraft:wooden_axe":2,"minecraft:brown_wool":1,"born_in_chaos_v1:fused_bone":2,"minecraft:iron_leggings":2,"minecraft:iron_axe":7,"minecraft:smooth_stone":6,"minecraft:string":2,"minecraft:dandelion":2,"minecraft:kelp":1,"minecraft:stone_sword":1,"minecraft:bowl":7,"minecraft:tuff":16,"born_in_chaos_v1:rotten_fish":3,"minecraft:iron_boots":1,"minecraft:pumpkin_seeds":96,"minecraft:suspicious_stew":2,"minecraft:shield":4,"minecraft:diamond_pickaxe":2,"minecraft:iron_chestplate":2,"born_in_chaos_v1:spiny_shell":2,"minecraft:oak_sapling":32,"minecraft:spider_eye":1,"minecraft:spruce_log":6,"minecraft:stone_pickaxe":3,"minecraft:wooden_pickaxe":2}},"DataVersion":3465}