{"stats":{"minecraft:crafted":{"minecraft:oak_planks":288,"minecraft:cooked_chicken":2,"born_in_chaos_v1:spiny_shell_armor_chestplate":1,"minecraft:furnace":5,"minecraft:bone_meal":123,"minecraft:iron_boots":3,"minecraft:stone_pickaxe":3,"minecraft:chest":2,"minecraft:cooked_beef":6,"minecraft:cooked_porkchop":19,"minecraft:crafting_table":4,"minecraft:wooden_pickaxe":1,"minecraft:iron_helmet":4,"minecraft:iron_sword":3,"minecraft:cooked_salmon":45,"minecraft:pumpkin_seeds":116,"minecraft:bucket":1,"minecraft:birch_planks":72,"minecraft:stone_axe":3,"minecraft:bread":28,"minecraft:air":0,"minecraft:iron_chestplate":3,"minecraft:charcoal":28,"minecraft:stick":48,"minecraft:iron_pickaxe":1,"minecraft:iron_ingot":50,"minecraft:wooden_axe":2,"minecraft:stone_sword":2,"minecraft:gold_ingot":18,"minecraft:iron_leggings":3,"minecraft:torch":60},"minecraft:killed_by":{"born_in_chaos_v1:nightmare_stalker":3,"minecraft:stray":2,"minecraft:creeper":1,"minecraft:spider":1,"born_in_chaos_v1:zombie_bruiser":1,"born_in_chaos_v1:zombie_lumberjack":2,"born_in_chaos_v1:decaying_zombie":1,"born_in_chaos_v1:bonescaller":1,"man:managgresive":2,"born_in_chaos_v1:decrepit_skeleton":1,"minecraft:cave_spider":1,"minecraft:phantom":1,"born_in_chaos_v1:bonescaller_not_despawn":1,"born_in_chaos_v1:dread_hound":2,"minecraft:vex":3},"minecraft:killed":{"minecraft:vex":2,"minecraft:cave_spider":3,"born_in_chaos_v1:mr_pumpkin":1,"born_in_chaos_v1:restless_spirit":1,"born_in_chaos_v1:sir_the_headless":1,"minecraft:spider":5,"born_in_chaos_v1:siamese_skeletonsright":1,"born_in_chaos_v1:baby_skeleton_minion":1,"born_in_chaos_v1:maggot":5,"minecraft:skeleton":9,"born_in_chaos_v1:corpse_fish":4,"born_in_chaos_v1:bonescaller":1,"minecraft:pig":3,"born_in_chaos_v1:bone_imp_minion":1,"born_in_chaos_v1:swarmer":1,"minecraft:salmon":32,"minecraft:creeper":4,"born_in_chaos_v1:decrepit_skeleton":2,"minecraft:sheep":3,"born_in_chaos_v1:bloody_gadfly":2,"born_in_chaos_v1:zombie_fisherman":2,"minecraft:zombie":9,"born_in_chaos_v1:dread_hound":1,"born_in_chaos_v1:corpse_fly":7,"minecraft:stray":3,"born_in_chaos_v1:siamese_skeletonsleft":1,"minecraft:cow":3},"minecraft:custom":{"minecraft:mob_kills":108,"minecraft:interact_with_crafting_table":51,"minecraft:damage_dealt_resisted":821,"minecraft:leave_game":1,"minecraft:time_since_death":1810,"minecraft:sprint_one_cm":446796,"minecraft:walk_one_cm":987546,"minecraft:damage_blocked_by_shield":390,"minecraft:drop":95,"minecraft:play_time":303255,"minecraft:deaths":24,"minecraft:sneak_time":3820,"minecraft:walk_under_water_one_cm":68030,"minecraft:jump":3720,"minecraft:walk_on_water_one_cm":44908,"minecraft:total_world_time":303255,"minecraft:interact_with_furnace":75,"minecraft:sleep_in_bed":2,"minecraft:time_since_rest":2350,"minecraft:damage_taken":9583,"minecraft:damage_absorbed":40,"minecraft:damage_dealt":12565,"minecraft:swim_one_cm":110890,"minecraft:fly_one_cm":468197,"minecraft:open_chest":58,"minecraft:crouch_one_cm":8783,"minecraft:interact_with_smoker":1,"minecraft:fall_one_cm":90986},"minecraft:picked_up":{"minecraft:wooden_axe":2,"minecraft:iron_chestplate":1,"minecraft:charcoal":33,"minecraft:crafting_table":13,"born_in_chaos_v1:diamond_termite_shard":9,"minecraft:wheat":130,"born_in_chaos_v1:seedof_chaos":1,"minecraft:wooden_pickaxe":4,"minecraft:brown_bed":2,"minecraft:shield":8,"minecraft:string":17,"minecraft:iron_axe":4,"minecraft:cooked_salmon":12,"minecraft:iron_leggings":4,"graveyard:corruption":3,"minecraft:cobbled_deepslate":43,"minecraft:bucket":1,"minecraft:beef":6,"minecraft:poppy":2,"minecraft:light_gray_wool":1,"minecraft:iron_pickaxe":4,"born_in_chaos_v1:stimulating_decoction":1,"minecraft:sugar_cane":12,"minecraft:chest":3,"minecraft:birch_sapling":8,"minecraft:spruce_trapdoor":1,"minecraft:egg":4,"minecraft:iron_boots":4,"minecraft:furnace":8,"minecraft:tipped_arrow":1,"minecraft:stick":18,"minecraft:raw_iron":51,"born_in_chaos_v1:shattered_skull":7,"minecraft:torch":68,"minecraft:porkchop":9,"born_in_chaos_v1:pieceofdarkmetal":6,"minecraft:carrot":25,"minecraft:stone_sword":3,"minecraft:arrow":36,"minecraft:rotten_flesh":83,"minecraft:hay_block":1,"born_in_chaos_v1:spiny_shell":10,"minecraft:gold_ingot":10,"minecraft:mutton":26,"minecraft:white_wool":15,"minecraft:cobblestone":158,"born_in_chaos_v1:fused_bone":2,"minecraft:birch_log":33,"born_in_chaos_v1:corpse_maggot":30,"minecraft:glow_ink_sac":1,"born_in_chaos_v1:pumpkin_staff":6,"born_in_chaos_v1:monster_flesh":6,"born_in_chaos_v1:spiritual_dust":5,"minecraft:water_bucket":1,"minecraft:salmon":36,"minecraft:leather":4,"minecraft:potato":1,"minecraft:birch_planks":1,"minecraft:tuff":38,"minecraft:oak_log":268,"minecraft:gunpowder":4,"minecraft:lapis_lazuli":35,"minecraft:dirt":117,"minecraft:lantern":2,"born_in_chaos_v1:monster_skin":5,"minecraft:bone":55,"minecraft:apple":1,"minecraft:bow":5,"minecraft:wheat_seeds":253,"minecraft:raw_gold":30,"minecraft:stone_pickaxe":2,"minecraft:iron_ingot":36,"minecraft:cooked_chicken":1,"minecraft:oak_planks":96,"minecraft:iron_sword":6,"minecraft:pumpkin":35,"born_in_chaos_v1:ethereal_spirit":4,"minecraft:dandelion":6,"minecraft:spider_eye":11,"minecraft:pumpkin_seeds":216,"minecraft:slime_ball":2,"minecraft:stone_axe":10,"minecraft:iron_helmet":6,"minecraft:bone_meal":5,"minecraft:golden_apple":1,"minecraft:bread":139,"born_in_chaos_v1:spiny_shell_armor_chestplate":2,"minecraft:oak_sapling":27,"born_in_chaos_v1:rotten_fish":11,"minecraft:coal":89},"minecraft:broken":{"minecraft:stone_pickaxe":1,"minecraft:iron_axe":1},"minecraft:used":{"minecraft:stone_sword":52,"minecraft:chest":4,"minecraft:shield":12,"minecraft:iron_sword":196,"minecraft:cooked_salmon":15,"minecraft:cooked_chicken":2,"minecraft:iron_chestplate":2,"minecraft:torch":40,"minecraft:dirt":51,"minecraft:carrot":31,"minecraft:tuff":3,"minecraft:iron_hoe":7,"born_in_chaos_v1:corpse_maggot":17,"minecraft:wooden_axe":50,"minecraft:iron_axe":81,"minecraft:lantern":1,"born_in_chaos_v1:spiny_shell_armor_chestplate":1,"minecraft:iron_helmet":2,"minecraft:iron_boots":4,"minecraft:bow":5,"minecraft:furnace":9,"minecraft:potato":1,"minecraft:cobbled_deepslate":2,"minecraft:brown_bed":2,"minecraft:iron_leggings":3,"minecraft:wheat_seeds":65,"minecraft:water_bucket":3,"minecraft:birch_planks":16,"minecraft:stone_pickaxe":163,"minecraft:oak_planks":191,"minecraft:wooden_pickaxe":7,"minecraft:salmon":1,"minecraft:golden_apple":1,"minecraft:crafting_table":13,"minecraft:pumpkin_seeds":7,"born_in_chaos_v1:monster_flesh":1,"minecraft:bread":23,"born_in_chaos_v1:pumpkin_staff":5,"minecraft:iron_pickaxe":131,"minecraft:stone_axe":222,"minecraft:cobblestone":62,"minecraft:cooked_porkchop":8,"minecraft:bucket":4,"minecraft:bone_meal":124},"minecraft:mined":{"minecraft:tuff":4,"minecraft:sculk_vein":4,"born_in_chaos_v1:infected_diamond_ore":1,"minecraft:spruce_trapdoor":1,"minecraft:spruce_fence":1,"minecraft:grass_block":21,"minecraft:spawner":2,"minecraft:furnace":8,"minecraft:carrots":7,"minecraft:iron_ore":18,"minecraft:pumpkin":35,"minecraft:brown_bed":2,"minecraft:deepslate_iron_ore":27,"minecraft:lantern":1,"minecraft:stone":98,"minecraft:crafting_table":12,"minecraft:poppy":3,"minecraft:chest":3,"minecraft:sculk_sensor":4,"minecraft:cobblestone":9,"minecraft:tall_grass":20,"minecraft:deepslate_gold_ore":28,"minecraft:sugar_cane":2,"minecraft:oak_planks":30,"minecraft:birch_log":33,"minecraft:wheat":97,"minecraft:birch_leaves":13,"minecraft:grass":87,"minecraft:oak_log":136,"minecraft:coal_ore":47,"minecraft:dirt":43,"minecraft:oak_leaves":52,"minecraft:deepslate":12},"minecraft:dropped":{"minecraft:water_bucket":1,"minecraft:iron_ingot":14,"minecraft:iron_sword":3,"minecraft:wheat_seeds":32,"minecraft:oak_log":108,"minecraft:crafting_table":1,"minecraft:iron_helmet":2,"minecraft:lantern":1,"born_in_chaos_v1:monster_flesh":1,"born_in_chaos_v1:pumpkin_staff":1,"born_in_chaos_v1:spiny_shell_armor_chestplate":2,"minecraft:torch":20,"born_in_chaos_v1:monster_skin":1,"minecraft:mutton":1,"minecraft:wooden_axe":1,"born_in_chaos_v1:fused_bone":1,"minecraft:cooked_salmon":27,"minecraft:iron_leggings":1,"minecraft:bone_meal":1,"minecraft:iron_pickaxe":1,"minecraft:white_wool":2,"minecraft:bucket":1,"minecraft:dandelion":6,"minecraft:gold_ingot":18,"minecraft:stone_axe":1,"minecraft:sugar_cane":8,"minecraft:cooked_chicken":1,"minecraft:stone_sword":1,"minecraft:tuff":18,"minecraft:rotten_flesh":45,"minecraft:iron_boots":1,"minecraft:pumpkin_seeds":28,"born_in_chaos_v1:seedof_chaos":1,"minecraft:iron_chestplate":1,"born_in_chaos_v1:spiny_shell":6,"born_in_chaos_v1:diamond_termite_shard":4,"minecraft:arrow":2,"minecraft:bow":1,"minecraft:stone_pickaxe":1,"minecraft:wooden_pickaxe":2,"minecraft:egg":4}},"DataVersion":3465}